block,label,year,Thinning,distance,elevation,slope,orientation,total_richness,core_richness,transient_richness,transient_prop,TNH,TCH,TNL,TCL,CNH,CNL
1209,CONTROL1,2018,Control,129.74,1336.140632,8.300482223,EW,4,4,0,0,0.207503289,3.160843849,0.082975186,1.588306308,15.23274096,19.14194323
1209,CONTROL1,2018,Control,129.74,1336.140632,8.300482223,EW,5,4,1,0.2,0.144790769,3.629887819,0.063019007,1.346152663,25.06988432,21.36105784
1209,CONTROL1,2018,Control,129.74,1336.140632,8.300482223,EW,10,9,1,0.1,0.694282889,19.84572029,0.122901991,2.410959482,28.58448709,19.61692778
1209,CONTROL1,2018,Control,129.74,1336.140632,8.300482223,EW,6,5,1,0.166666667,0.207195714,4.371972084,0.184559748,3.596127033,21.10068783,19.48489354
1209,CONTROL1,2018,Control,129.74,1336.140632,8.300482223,EW,7,6,1,0.142857143,0.715439856,20.29706192,0.138500974,3.338474274,28.37004641,24.10433795
1209,CONTROL2,2018,Control,191.91,1336.643331,8.597756849,EW,7,7,0,0,0.13137342,3.914805889,0.088264473,1.451868176,29.79907106,16.44906643
1209,CONTROL2,2018,Control,191.91,1336.643331,8.597756849,EW,7,7,0,0,0.144282997,4.002977371,0.100432597,1.198742986,27.74393008,11.93579595
1209,CONTROL2,2018,Control,191.91,1336.643331,8.597756849,EW,10,10,0,0,0.298650831,11.40613842,0.162217066,3.991730452,38.1922206,24.60733977
1209,CONTROL2,2018,Control,191.91,1336.643331,8.597756849,EW,7,6,1,0.142857143,0.25129807,6.175087929,0.098902866,1.295820475,24.57276305,13.10195067
1209,CONTROL2,2018,Control,191.91,1336.643331,8.597756849,EW,8,7,1,0.125,0.137899399,2.193495035,0.111987159,2.390814543,15.9064873,21.34900618
1209,T2C,2018,10 m,182.67,1338.101715,8.084564554,EW,5,5,0,0,0.390149891,11.94352627,0.15067625,3.065790415,30.61266075,20.34687222
1209,T2C,2018,10 m,182.67,1338.101715,8.084564554,EW,6,6,0,0,0.156962842,3.679826021,0.104840495,3.619861841,23.44393093,34.52732507
1209,T2C,2018,10 m,182.67,1338.101715,8.084564554,EW,5,5,0,0,0.136512503,5.296827793,0.135484591,5.782375336,38.80104515,42.67921014
1209,T2C,2018,10 m,182.67,1338.101715,8.084564554,EW,4,4,0,0,0.232544184,6.514839172,0.146541372,5.62180233,28.01548965,38.36324347
1209,T2C,2018,10 m,182.67,1338.101715,8.084564554,EW,8,8,0,0,0.170059606,5.884905338,0.139285788,2.605042934,34.60495682,18.70286246
1209,T2D,2018,10 m,187.15,1335.809905,7.723758992,EW,7,7,0,0,0.186042964,5.839490891,0.11564742,3.236316442,31.38786198,27.98433752
1209,T2D,2018,10 m,187.15,1335.809905,7.723758992,EW,7,7,0,0,0.340422571,12.55261612,0.119082458,3.872853994,36.8736306,32.52245586
1209,T2D,2018,10 m,187.15,1335.809905,7.723758992,EW,7,7,0,0,0.209180564,6.909392834,0.099137776,2.334279776,33.03075922,23.54581552
1209,T2D,2018,10 m,187.15,1335.809905,7.723758992,EW,5,5,0,0,0.301005542,10.92173767,0.12926501,4.040381908,36.28417466,31.25657823
1209,T2D,2018,10 m,187.15,1335.809905,7.723758992,EW,5,5,0,0,0.198412731,4.822329998,0.158537209,4.459827423,24.30453916,28.13110847
1209,T3B,2018,15 m,203.03,1347.955489,6.858934421,EW,9,9,0,0,0.177182093,6.092401505,0.105430402,3.196973085,34.38497307,30.32306649
1209,T3B,2018,15 m,203.03,1347.955489,6.858934421,EW,10,10,0,0,0.551576316,19.85416222,0.164948955,5.98850441,35.99531312,36.30519759
1209,T3B,2018,15 m,203.03,1347.955489,6.858934421,EW,7,7,0,0,0.467733681,13.65647125,0.128672317,3.099183083,29.19710896,24.08585749
1209,T3B,2018,15 m,203.03,1347.955489,6.858934421,EW,7,6,1,0.142857143,0.228561163,6.619335175,0.24217312,8.245804787,28.96089208,34.04921559
1209,T3B,2018,15 m,203.03,1347.955489,6.858934421,EW,5,4,1,0.2,0.489661127,12.62191296,0.251037031,5.751336098,25.77683269,22.91030955
1209,T3C,2018,15 m,186.71,1346.879923,7.051197172,EW,7,6,1,0.142857143,0.470133454,14.0196476,0.254357249,7.838727474,29.82057008,30.81778687
1209,T3C,2018,15 m,186.71,1346.879923,7.051197172,EW,7,6,1,0.142857143,0.207255572,5.339987278,0.126265958,3.298465967,25.76522901,26.12316115
1209,T3C,2018,15 m,186.71,1346.879923,7.051197172,EW,7,7,0,0,0.5364905,13.19249725,0.139207065,2.893297434,24.59036507,20.78412781
1209,T3C,2018,15 m,186.71,1346.879923,7.051197172,EW,5,5,0,0,0.162456512,4.632055283,0.11890538,3.345014572,28.512586,28.13173434
1209,T3C,2018,15 m,186.71,1346.879923,7.051197172,EW,9,8,1,0.111111111,0.523871541,18.59561539,0.14103426,4.132407665,35.49651762,29.30073624
1209,T4B,2018,20 m,107.2,1355.012793,7.349142475,EW,7,4,3,0.428571429,0.511557758,13.26073456,0.099397361,1.288124204,25.92226265,12.95934004
1209,T4B,2018,20 m,107.2,1355.012793,7.349142475,EW,7,5,2,0.285714286,0.226630345,6.296949387,0.105036728,1.902574539,27.78511142,18.1134216
1209,T4B,2018,20 m,107.2,1355.012793,7.349142475,EW,5,4,1,0.2,0.244897559,4.084310532,0.16255796,3.082169771,16.67762857,18.96043589
1209,T4B,2018,20 m,107.2,1355.012793,7.349142475,EW,7,4,3,0.428571429,0.227348134,3.63633275,0.220369503,4.650296688,15.99455728,21.10226972
1209,T4B,2018,20 m,107.2,1355.012793,7.349142475,EW,8,5,3,0.375,0.238650218,5.359630585,0.120293893,2.370733976,22.45810055,19.70784982
1209,T4C,2018,20 m,201.75,1351.628466,6.671883531,EW,8,6,2,0.25,0.247491553,6.299157619,0.289976001,8.551933289,25.45201051,29.49186576
1209,T4C,2018,20 m,201.75,1351.628466,6.671883531,EW,7,6,1,0.142857143,0.26860851,6.15611887,0.224194676,5.370414257,22.91855481,23.9542453
1209,T4C,2018,20 m,201.75,1351.628466,6.671883531,EW,8,6,2,0.25,0.348827809,8.689360619,0.222648546,5.649376869,24.9101717,25.3735179
1209,T4C,2018,20 m,201.75,1351.628466,6.671883531,EW,7,6,1,0.142857143,0.152044803,3.898867607,0.194522724,5.268707752,25.64288639,27.08530734
1209,T4C,2018,20 m,201.75,1351.628466,6.671883531,EW,7,6,1,0.142857143,0.897430718,20.45818329,0.23796393,5.112489223,22.79639295,21.48430322
1210,CONTROL1,2018,Control,206.9,1373.758494,7.66753411,EW,9,9,0,0,0.303673029,9.171910286,0.139202222,3.632253408,30.203243,26.09335792
1210,CONTROL1,2018,Control,206.9,1373.758494,7.66753411,EW,4,4,0,0,0.299908191,7.765373707,0.145871475,3.221678019,25.89250291,22.08573
1210,CONTROL1,2018,Control,206.9,1373.758494,7.66753411,EW,7,7,0,0,0.20220691,4.761402607,0.209660411,4.642756939,23.54718053,22.14417552
1210,CONTROL1,2018,Control,206.9,1373.758494,7.66753411,EW,6,6,0,0,0.245742083,6.196060181,0.163102075,3.49311614,25.21367165,21.41674856
1210,CONTROL1,2018,Control,206.9,1373.758494,7.66753411,EW,8,7,1,0.125,0.264494359,6.706354141,0.172866881,3.952326059,25.35537678,22.86340818
1210,CONTROL2,2018,Control,211.18,1373.477016,7.734372697,EW,3,3,0,0,0.180354059,5.777878761,0.135339618,3.141848326,32.03631125,23.21455002
1210,CONTROL2,2018,Control,211.18,1373.477016,7.734372697,EW,6,6,0,0,0.196757197,4.407223225,0.152529255,3.325692415,22.39929864,21.80363646
1210,CONTROL2,2018,Control,211.18,1373.477016,7.734372697,EW,6,6,0,0,0.189691052,4.703258038,0.175939783,3.241429806,24.79430628,18.42351822
1210,CONTROL2,2018,Control,211.18,1373.477016,7.734372697,EW,6,6,0,0,0.300006717,8.168384552,0.229668453,5.569704056,27.22733885,24.25106267
1210,CONTROL2,2018,Control,211.18,1373.477016,7.734372697,EW,2,2,0,0,0.874895453,25.39061928,0.383145332,10.55283451,29.02131812,27.54264145
1210,T2I,2018,10 m,139.16,1373.11445,5.160108295,EW,5,4,1,0.2,0.258535713,6.112292767,0.084291607,1.509191394,23.64196689,17.90440881
1210,T2I,2018,10 m,139.16,1373.11445,5.160108295,EW,7,5,2,0.285714286,0.378053278,7.753625393,0.191835135,3.969555616,20.50934577,20.69253691
1210,T2I,2018,10 m,139.16,1373.11445,5.160108295,EW,5,5,0,0,0.19371295,6.126656532,0.148899168,4.852778435,31.6275011,32.591038
1210,T2I,2018,10 m,139.16,1373.11445,5.160108295,EW,7,7,0,0,0.206862867,5.142746449,0.070070036,1.719988227,24.8606554,24.54670114
1210,T2I,2018,10 m,139.16,1373.11445,5.160108295,EW,7,7,0,0,0.079692833,2.096260309,0.084500469,1.317944765,26.3042513,15.59689285
1210,T2J,2018,10 m,112.81,1373.717665,5.551423128,EW,6,6,0,0,0.506241679,14.78802395,0.183217257,5.921571732,29.21139163,32.31994529
1210,T2J,2018,10 m,112.81,1373.717665,5.551423128,EW,6,5,1,0.166666667,0.176623523,5.327211857,0.111341923,2.849082708,30.16139504,25.58858891
1210,T2J,2018,10 m,112.81,1373.717665,5.551423128,EW,8,8,0,0,0.094633512,3.2998631,0.115334116,2.748912096,34.86992106,23.83433622
1210,T2J,2018,10 m,112.81,1373.717665,5.551423128,EW,8,7,1,0.125,0.122855477,2.701737404,0.10815046,1.638866663,21.99118402,15.15358017
1210,T2J,2018,10 m,112.81,1373.717665,5.551423128,EW,10,10,0,0,0.248933479,8.278969765,0.210042566,5.952023506,33.25775943,28.33722525
1210,T3D,2018,15 m,182.56,1371.800378,5.488567719,EW,4,4,0,0,0.260697275,6.58549118,0.202245012,5.654392242,25.26106639,27.95812954
1210,T3D,2018,15 m,182.56,1371.800378,5.488567719,EW,7,7,0,0,0.140828133,3.259215355,0.140976742,3.760799885,23.14321218,26.67673996
1210,T3D,2018,15 m,182.56,1371.800378,5.488567719,EW,7,7,0,0,0.203049704,5.197086811,0.150275052,3.65766263,25.59514591,24.33978622
1210,T3D,2018,15 m,182.56,1371.800378,5.488567719,EW,6,6,0,0,0.190835431,4.859582424,0.179480806,4.219914913,25.4647808,23.51178941
1210,T3D,2018,15 m,182.56,1371.800378,5.488567719,EW,7,7,0,0,0.186663941,5.008573055,0.106637791,2.263540506,26.83203323,21.22643848
1210,T3E,2018,15 m,176.76,1370.255963,6.364795855,EW,7,7,0,0,0.129551187,3.174069405,0.131138995,2.290453672,24.5005042,17.46584734
1210,T3E,2018,15 m,176.76,1370.255963,6.364795855,EW,10,10,0,0,0.134674311,2.747023106,0.135140747,2.656797886,20.39752861,19.65948796
1210,T3E,2018,15 m,176.76,1370.255963,6.364795855,EW,8,6,2,0.25,0.178938553,3.852898836,0.15280059,3.19334197,21.53196601,20.89875422
1210,T3E,2018,15 m,176.76,1370.255963,6.364795855,EW,9,9,0,0,0.181090072,4.892625809,0.174083337,5.023133278,27.01763691,28.85476209
1210,T3E,2018,15 m,176.76,1370.255963,6.364795855,EW,11,10,1,0.090909091,0.218323484,5.452978134,0.145224214,3.380734444,24.97659909,23.27941298
1210,T4D,2018,20 m,97.75,1360.473283,8.672317171,EW,9,9,0,0,0.083505921,1.954773545,0.125444666,3.485596418,23.40880168,27.78592779
1210,T4D,2018,20 m,97.75,1360.473283,8.672317171,EW,7,7,0,0,0.062386941,1.785381556,0.073254719,1.862472177,28.61787294,25.42460325
1210,T4D,2018,20 m,97.75,1360.473283,8.672317171,EW,7,7,0,0,0.105107389,1.881428361,0.076978996,1.867131114,17.90005795,24.25507218
1210,T4D,2018,20 m,97.75,1360.473283,8.672317171,EW,6,6,0,0,0.133358315,3.342255592,0.083817311,1.997164607,25.06222129,23.82759113
1210,T4D,2018,20 m,97.75,1360.473283,8.672317171,EW,6,6,0,0,0.081712469,1.923534632,0.076985605,1.672093987,23.54028271,21.71956674
1210,T4E,2018,20 m,133.72,1356.813572,7.461924203,EW,8,8,0,0,0.256751955,6.945727825,0.087043978,1.867315054,27.05228802,21.45254722
1210,T4E,2018,20 m,133.72,1356.813572,7.461924203,EW,4,4,0,0,0.102826409,3.359602213,0.108549759,2.636774302,32.67256189,24.29092732
1210,T4E,2018,20 m,133.72,1356.813572,7.461924203,EW,6,6,0,0,0.09065374,3.290892124,0.091939606,2.437864065,36.30178004,26.51592907
1210,T4E,2018,20 m,133.72,1356.813572,7.461924203,EW,5,5,0,0,0.103466868,2.746379614,0.105977476,3.002554893,26.54356565,28.33200994
1210,T4E,2018,20 m,133.72,1356.813572,7.461924203,EW,5,5,0,0,0.100155428,2.874789,0.107044853,1.718255758,28.70327705,16.05173631
1212,CONTROL1,2018,Control,265.39,1362.128685,7.995237938,NS,5,5,0,0,0.174918637,4.635569572,0.087545305,1.894385815,26.50129032,21.63891946
1212,CONTROL1,2018,Control,265.39,1362.128685,7.995237938,NS,3,3,0,0,0.108881816,3.53974247,0.081598297,2.257288218,32.50995062,27.66342322
1212,CONTROL1,2018,Control,265.39,1362.128685,7.995237938,NS,7,7,0,0,0.123792909,3.945762157,0.091228589,2.726653337,31.87389477,29.88814532
1212,CONTROL1,2018,Control,265.39,1362.128685,7.995237938,NS,5,5,0,0,0.237344936,8.62628746,0.196278021,5.724187851,36.34494008,29.16367217
1212,CONTROL1,2018,Control,265.39,1362.128685,7.995237938,NS,4,4,0,0,0.21741809,6.958528996,0.110836707,3.041818619,32.00528995,27.44414463
1212,CONTROL2,2018,Control,286.32,1362.624858,8.802438721,NS,5,5,0,0,0.186754674,5.435778141,0.16129002,4.862065315,29.1065173,30.14486155
1212,CONTROL2,2018,Control,286.32,1362.624858,8.802438721,NS,6,6,0,0,0.189564258,4.221792221,0.141232729,2.921566486,22.271035,20.6861859
1212,CONTROL2,2018,Control,286.32,1362.624858,8.802438721,NS,7,7,0,0,0.140413359,4.09885931,0.127178997,2.544247389,29.19137712,20.00524814
1212,CONTROL2,2018,Control,286.32,1362.624858,8.802438721,NS,4,4,0,0,0.132090926,2.95758009,0.115113467,2.555913687,22.39048643,22.20342896
1212,CONTROL2,2018,Control,286.32,1362.624858,8.802438721,NS,4,4,0,0,0.16948162,4.934243679,0.114192545,2.522305489,29.11373914,22.08817992
1212,T2F,2018,10 m,142.12,1357.430108,10.32113636,NS,6,6,0,0,0.110264145,2.827623367,0.110326305,2.81284523,25.6440874,25.49568962
1212,T2F,2018,10 m,142.12,1357.430108,10.32113636,NS,8,8,0,0,0.117893107,3.458929062,0.063679427,1.569305539,29.33953598,24.64383892
1212,T2F,2018,10 m,142.12,1357.430108,10.32113636,NS,5,5,0,0,0.125894144,3.623710394,0.092181697,2.246297359,28.7837883,24.36814922
1212,T2F,2018,10 m,142.12,1357.430108,10.32113636,NS,5,5,0,0,0.134775519,3.4988904,0.097134352,2.553256035,25.96087491,26.28581948
1212,T2F,2018,10 m,142.12,1357.430108,10.32113636,NS,5,5,0,0,0.10663531,2.252418041,0.095481277,2.100779533,21.12262858,22.00200511
1212,T2G,2018,10 m,148.16,1361.672168,9.054935668,NS,7,7,0,0,0.100943007,2.402057171,0.083623268,2.208061457,23.79617224,26.40486933
1212,T2G,2018,10 m,148.16,1361.672168,9.054935668,NS,9,9,0,0,0.097193696,2.090188503,0.067694902,0.726463616,21.50539179,10.73143752
1212,T2G,2018,10 m,148.16,1361.672168,9.054935668,NS,5,5,0,0,0.091262341,2.547170877,0.114024863,2.870738506,27.91042682,25.17642591
1212,T2G,2018,10 m,148.16,1361.672168,9.054935668,NS,4,4,0,0,0.075298078,1.808148503,0.105008215,1.908637524,24.01320914,18.17607821
1212,T2G,2018,10 m,148.16,1361.672168,9.054935668,NS,3,3,0,0,0.137434348,4.623192787,0.085436419,2.084643364,33.63928187,24.39993854
1212,T3D,2018,15 m,94.65,1358.384051,6.052570695,NS,8,8,0,0,0.128147289,2.578727245,0.135675982,2.805123568,20.12315096,20.67516692
1212,T3D,2018,15 m,94.65,1358.384051,6.052570695,NS,7,7,0,0,0.226669088,7.009325504,0.095754661,2.395484686,30.92316454,25.01689912
1212,T3D,2018,15 m,94.65,1358.384051,6.052570695,NS,7,7,0,0,0.452949584,15.54242229,0.09430474,2.211317301,34.31380193,23.44863355
1212,T3D,2018,15 m,94.65,1358.384051,6.052570695,NS,9,7,2,0.222222222,0.450685263,11.63152218,0.135210931,2.686231613,25.80852569,19.86697072
1212,T3D,2018,15 m,94.65,1358.384051,6.052570695,NS,10,7,3,0.3,0.274271011,5.81617403,0.117265359,1.727615595,21.20593788,14.73253155
1212,T3E,2018,15 m,89.41,1357.948671,6.612867464,NS,8,6,2,0.25,0.185312137,4.861001968,0.196044266,5.468892574,26.23142794,27.89621283
1212,T3E,2018,15 m,89.41,1357.948671,6.612867464,NS,5,5,0,0,0.206789717,5.422390461,0.114851773,2.313143492,26.22176063,20.14025065
1212,T3E,2018,15 m,89.41,1357.948671,6.612867464,NS,6,6,0,0,0.300148815,10.74826241,0.111386202,3.581695795,35.80977792,32.15565054
1212,T3E,2018,15 m,89.41,1357.948671,6.612867464,NS,7,7,0,0,0.237553373,7.669266701,0.199579179,5.906210899,32.28439405,29.59332191
1212,T3E,2018,15 m,89.41,1357.948671,6.612867464,NS,4,4,0,0,0.396313101,9.641887665,0.27095449,8.216747284,24.32896525,30.32519333
1212,T4A,2018,20 m,120.82,1363.023641,7.560200535,NS,8,8,0,0,0.107278921,2.229974747,0.118231669,3.175432205,20.78670005,26.85771275
1212,T4A,2018,20 m,120.82,1363.023641,7.560200535,NS,7,7,0,0,0.089078583,1.871370316,0.107816547,2.382446527,21.00808361,22.09722524
1212,T4A,2018,20 m,120.82,1363.023641,7.560200535,NS,6,6,0,0,0.21782586,7.432961941,0.100733444,1.771469235,34.12341376,17.585711
1212,T4A,2018,20 m,120.82,1363.023641,7.560200535,NS,7,7,0,0,0.135426998,3.240965843,0.098927133,2.192838192,23.9314604,22.16619577
1212,T4A,2018,20 m,120.82,1363.023641,7.560200535,NS,6,6,0,0,0.131712839,3.303640604,0.080612078,1.725454211,25.08214559,21.40441293
1212,T4B,2018,20 m,102.64,1362.069111,7.011158222,NS,9,9,0,0,0.09679313,2.213196516,0.077373087,1.598857045,22.86522313,20.66425289
1212,T4B,2018,20 m,102.64,1362.069111,7.011158222,NS,8,8,0,0,0.101747766,2.253374577,0.106774785,2.577754974,22.1466737,24.14198243
1212,T4B,2018,20 m,102.64,1362.069111,7.011158222,NS,6,6,0,0,0.095985264,2.453249693,0.112250313,2.964093447,25.55860766,26.40610403
1212,T4B,2018,20 m,102.64,1362.069111,7.011158222,NS,5,5,0,0,0.111006573,2.402142763,0.096048325,2.332937717,21.63964441,24.28920765
1212,T4B,2018,20 m,102.64,1362.069111,7.011158222,NS,6,6,0,0,0.161551952,4.954567909,0.119111732,3.092944622,30.6685734,25.96675054
1209,CONTROL1,2019,Control,129.74,1336.140632,8.300482223,EW,10,10,0,0,0.105710372,2.955645323,0.092060186,1.059799433,27.95984214,11.51202794
1209,CONTROL1,2019,Control,129.74,1336.140632,8.300482223,EW,5,4,1,0.2,0.151244253,2.025956869,0.053637668,0.545602918,13.39526514,10.17201032
1209,CONTROL1,2019,Control,129.74,1336.140632,8.300482223,EW,10,10,0,0,0.33178696,7.742644787,0.074335478,0.886111975,23.33619374,11.92044493
1209,CONTROL1,2019,Control,129.74,1336.140632,8.300482223,EW,9,9,0,0,0.290929198,6.164218903,0.128693253,2.218794823,21.18803798,17.24095688
1209,CONTROL1,2019,Control,129.74,1336.140632,8.300482223,EW,9,9,0,0,0.162120327,2.247699499,0.103397414,0.878455818,13.86439033,8.495916706
1209,CONTROL2,2019,Control,191.91,1336.643331,8.597756849,EW,10,10,0,0,0.152652323,2.250641108,0.105064541,0.936856866,14.74357586,8.916965287
1209,CONTROL2,2019,Control,191.91,1336.643331,8.597756849,EW,9,9,0,0,0.129615515,2.055775642,0.093965478,1.521793962,15.86056758,16.19524521
1209,CONTROL2,2019,Control,191.91,1336.643331,8.597756849,EW,5,5,0,0,0.157553196,3.432622194,0.111163676,1.436477661,21.787068,12.9221857
1209,CONTROL2,2019,Control,191.91,1336.643331,8.597756849,EW,9,9,0,0,0.156471491,2.132346869,0.114670023,1.378799319,13.62770213,12.02406069
1209,CONTROL2,2019,Control,191.91,1336.643331,8.597756849,EW,9,8,1,0.111111111,0.115158886,1.516984463,0.156746283,2.68995595,13.17296927,17.16121043
1209,T2C,2019,10 m,182.67,1338.101715,8.084564554,EW,10,10,0,0,0.22594431,6.316496849,0.153793961,2.913530111,27.95598985,18.94437269
1209,T2C,2019,10 m,182.67,1338.101715,8.084564554,EW,4,4,0,0,0.18164368,3.565642595,0.133173212,1.492392659,19.62987427,11.20640279
1209,T2C,2019,10 m,182.67,1338.101715,8.084564554,EW,9,9,0,0,0.159580067,2.910776854,0.145498678,2.07946682,18.24022832,14.29199802
1209,T2C,2019,10 m,182.67,1338.101715,8.084564554,EW,7,7,0,0,0.151246637,2.426751375,0.159998044,2.616457462,16.04499394,16.35305902
1209,T2C,2019,10 m,182.67,1338.101715,8.084564554,EW,6,6,0,0,0.158089727,2.913756132,0.119986154,1.426315188,18.43102765,11.88733149
1209,T2D,2019,10 m,187.15,1335.809905,7.723758992,EW,8,6,2,0.25,0.138194442,2.58530736,0.11362987,1.833324075,18.70775211,16.13417381
1209,T2D,2019,10 m,187.15,1335.809905,7.723758992,EW,11,11,0,0,0.165091291,3.977937222,0.125643775,1.944072604,24.09537896,15.47289236
1209,T2D,2019,10 m,187.15,1335.809905,7.723758992,EW,7,6,1,0.142857143,0.139502078,4.113209724,0.155745193,2.98002243,29.4849351,19.13396084
1209,T2D,2019,10 m,187.15,1335.809905,7.723758992,EW,11,11,0,0,0.232791424,4.844802856,0.153040126,2.281516075,20.81177553,14.90795999
1209,T2D,2019,10 m,187.15,1335.809905,7.723758992,EW,6,6,0,0,0.314974934,8.588693619,0.187363178,2.65905714,27.26786387,14.19199426
1209,T3B,2019,15 m,203.03,1347.955489,6.858934421,EW,17,16,1,0.058823529,0.169438183,2.961566687,0.087133117,1.461203933,17.47874434,16.76978837
1209,T3B,2019,15 m,203.03,1347.955489,6.858934421,EW,10,10,0,0,0.168511644,3.075205326,0.085709594,1.768796563,18.24921562,20.63708946
1209,T3B,2019,15 m,203.03,1347.955489,6.858934421,EW,11,11,0,0,0.296782941,8.80535984,0.157790706,1.909547925,29.66935977,12.10177696
1209,T3B,2019,15 m,203.03,1347.955489,6.858934421,EW,9,9,0,0,0.104698658,1.497824073,0.135605589,1.699893355,14.30604844,12.53557006
1209,T3B,2019,15 m,203.03,1347.955489,6.858934421,EW,9,9,0,0,0.218067467,3.628042221,0.209888011,3.512670517,16.63724657,16.7359274
1209,T3C,2019,15 m,186.71,1346.879923,7.051197172,EW,11,10,1,0.090909091,0.345550001,9.303452492,0.233634919,5.547220707,26.92360722,23.74311482
1209,T3C,2019,15 m,186.71,1346.879923,7.051197172,EW,6,6,0,0,0.315828532,10.18659592,0.212124869,4.498183727,32.25356447,21.20535769
1209,T3C,2019,15 m,186.71,1346.879923,7.051197172,EW,13,13,0,0,0.207111627,5.32141161,0.165694535,2.796969414,25.69344701,16.88027561
1209,T3C,2019,15 m,186.71,1346.879923,7.051197172,EW,6,6,0,0,0.276518881,6.127980709,0.13160409,1.446106553,22.16116556,10.98831009
1209,T3C,2019,15 m,186.71,1346.879923,7.051197172,EW,15,15,0,0,0.17970036,3.50073576,0.122642405,2.169655085,19.48096134,17.69090453
1209,T4B,2019,20 m,107.2,1355.012793,7.349142475,EW,14,12,2,0.142857143,0.269636691,4.751217365,0.242969379,4.306789398,17.62081175,17.72564682
1209,T4B,2019,20 m,107.2,1355.012793,7.349142475,EW,11,10,1,0.090909091,0.178506672,3.164427042,0.193009347,3.567818403,17.72721994,18.4852105
1209,T4B,2019,20 m,107.2,1355.012793,7.349142475,EW,13,12,1,0.076923077,0.108653814,1.061307073,0.204838976,4.078971863,9.767784834,19.91306507
1209,T4B,2019,20 m,107.2,1355.012793,7.349142475,EW,11,11,0,0,0.444734633,13.43212891,0.150718227,2.274870157,30.20257005,15.0935305
1209,T4B,2019,20 m,107.2,1355.012793,7.349142475,EW,15,14,1,0.066666667,0.924940228,28.31750298,0.279635489,8.38373661,30.61549504,29.98094641
1209,T4C,2019,20 m,201.75,1351.628466,6.671883531,EW,4,4,0,0,0.293239564,7.810274601,0.118741058,1.765305758,26.63445035,14.86685221
1209,T4C,2019,20 m,201.75,1351.628466,6.671883531,EW,10,10,0,0,0.74445051,25.6476326,0.127988294,1.747411728,34.45176311,13.65290275
1209,T4C,2019,20 m,201.75,1351.628466,6.671883531,EW,8,8,0,0,0.250051707,7.859107018,0.178730786,3.804890156,31.42992748,21.2883871
1209,T4C,2019,20 m,201.75,1351.628466,6.671883531,EW,12,12,0,0,0.171119824,3.401779175,0.145969659,1.895765185,19.87951538,12.98739202
1209,T4C,2019,20 m,201.75,1351.628466,6.671883531,EW,10,9,1,0.1,0.2222137,4.167352676,0.311448634,6.302575111,18.75380622,20.23632288
1210,CONTROL1,2019,Control,206.9,1373.758494,7.66753411,EW,6,6,0,0,0.23144266,5.074897766,0.1959472,3.559425592,21.92723573,18.16522814
1210,CONTROL1,2019,Control,206.9,1373.758494,7.66753411,EW,5,5,0,0,0.291887403,7.126503944,0.202013403,3.985492468,24.41525014,19.72885168
1210,CONTROL1,2019,Control,206.9,1373.758494,7.66753411,EW,7,7,0,0,0.286078691,7.568058014,0.136480823,1.865411401,26.45446249,13.66793779
1210,CONTROL1,2019,Control,206.9,1373.758494,7.66753411,EW,6,6,0,0,0.25611949,5.729717731,0.242524803,6.137281418,22.37126795,25.30578873
1210,CONTROL1,2019,Control,206.9,1373.758494,7.66753411,EW,5,5,0,0,0.88084656,36.14972687,0.30225113,7.336402893,41.03975483,24.2725408
1210,CONTROL2,2019,Control,211.18,1373.477016,7.734372697,EW,7,7,0,0,0.259888083,5.385885715,0.26396969,5.909090042,20.72386567,22.38548695
1210,CONTROL2,2019,Control,211.18,1373.477016,7.734372697,EW,9,9,0,0,0.371851772,6.922002792,0.347709864,6.563293934,18.61495174,18.87577721
1210,CONTROL2,2019,Control,211.18,1373.477016,7.734372697,EW,5,4,1,0.2,0.243276402,4.739827633,0.163057849,2.734280348,19.48330207,16.76877481
1210,CONTROL2,2019,Control,211.18,1373.477016,7.734372697,EW,7,7,0,0,0.22125341,4.081917286,0.209572762,3.362661839,18.44905932,16.04531907
1210,CONTROL2,2019,Control,211.18,1373.477016,7.734372697,EW,5,5,0,0,0.299313813,7.670118332,0.213157028,4.351078987,25.62567442,20.41255233
1210,T2I,2019,10 m,139.16,1373.11445,5.160108295,EW,9,9,0,0,0.265111774,7.708572388,0.107590757,1.105000615,29.07668817,10.27040466
1210,T2I,2019,10 m,139.16,1373.11445,5.160108295,EW,10,10,0,0,0.171808675,2.677545071,0.086607687,0.989526808,15.58445795,11.42539237
1210,T2I,2019,10 m,139.16,1373.11445,5.160108295,EW,10,10,0,0,0.175540313,4.229444981,0.299013764,8.919569969,24.09386713,29.82996455
1210,T2I,2019,10 m,139.16,1373.11445,5.160108295,EW,11,11,0,0,0.152268574,2.924649954,0.17219159,3.108388186,19.20718034,18.05191638
1210,T2I,2019,10 m,139.16,1373.11445,5.160108295,EW,9,9,0,0,0.402891129,11.41617966,0.185479268,3.602605104,28.33564412,19.42322252
1210,T2J,2019,10 m,112.81,1373.717665,5.551423128,EW,13,13,0,0,0.374221683,12.04495811,0.288821816,7.35359478,32.18669221,25.46066246
1210,T2J,2019,10 m,112.81,1373.717665,5.551423128,EW,8,8,0,0,0.203678235,4.924367428,0.145982966,1.94573772,24.17719015,13.32852575
1210,T2J,2019,10 m,112.81,1373.717665,5.551423128,EW,7,7,0,0,0.383684218,10.54971695,0.193596259,3.967998981,27.4958324,20.49625859
1210,T2J,2019,10 m,112.81,1373.717665,5.551423128,EW,12,12,0,0,0.165488437,3.837224722,0.314832419,8.644020081,23.18726792,27.45594022
1210,T2J,2019,10 m,112.81,1373.717665,5.551423128,EW,9,9,0,0,0.263150543,6.65758276,0.164775744,3.250156164,25.29952127,19.72472455
1210,T3D,2019,15 m,182.56,1371.800378,5.488567719,EW,11,11,0,0,0.228442296,5.395148277,0.16471082,2.458973169,23.61711628,14.92903243
1210,T3D,2019,15 m,182.56,1371.800378,5.488567719,EW,10,10,0,0,0.223006651,4.358320713,0.170729145,2.971585751,19.5434562,17.40526343
1210,T3D,2019,15 m,182.56,1371.800378,5.488567719,EW,10,10,0,0,0.172132865,2.747582197,0.1798127,2.882249832,15.96198497,16.02917836
1210,T3D,2019,15 m,182.56,1371.800378,5.488567719,EW,8,8,0,0,0.210515931,3.70715189,0.201015443,3.561223507,17.60984011,17.71616877
1210,T3D,2019,15 m,182.56,1371.800378,5.488567719,EW,11,11,0,0,0.228489846,5.151495457,0.160752997,2.702238083,22.54583977,16.80987687
1210,T3E,2019,15 m,176.76,1370.255963,6.364795855,EW,10,10,0,0,0.211988643,4.766219139,0.181122348,3.602150679,22.48337022,19.88794163
1210,T3E,2019,15 m,176.76,1370.255963,6.364795855,EW,8,8,0,0,0.233221859,5.70904541,0.160484359,2.457807541,24.47903229,15.31493512
1210,T3E,2019,15 m,176.76,1370.255963,6.364795855,EW,8,8,0,0,0.135948911,2.052515984,0.154791623,2.164045095,15.09770077,13.980376
1210,T3E,2019,15 m,176.76,1370.255963,6.364795855,EW,7,7,0,0,0.234580263,4.781927586,0.196295455,3.346868038,20.385038,17.05015552
1210,T3E,2019,15 m,176.76,1370.255963,6.364795855,EW,11,11,0,0,0.242554963,4.832259655,0.164526001,2.809337378,19.92232854,17.07533987
1210,T4D,2019,20 m,97.75,1360.473283,8.672317171,EW,7,7,0,0,0.157682881,3.196864605,0.130765811,2.329566717,20.27401193,17.81479965
1210,T4D,2019,20 m,97.75,1360.473283,8.672317171,EW,5,5,0,0,0.106357701,1.586875677,0.118084282,1.142464757,14.92017654,9.67499434
1210,T4D,2019,20 m,97.75,1360.473283,8.672317171,EW,6,6,0,0,0.182774425,5.190320492,0.117165834,1.760783911,28.39741121,15.02813452
1210,T4D,2019,20 m,97.75,1360.473283,8.672317171,EW,5,5,0,0,0.198432744,4.379731655,0.137761548,3.089930773,22.0716177,22.429559
1210,T4D,2019,20 m,97.75,1360.473283,8.672317171,EW,5,5,0,0,0.185928613,4.058432579,0.12373779,1.685168982,21.82790758,13.61887089
1210,T4E,2019,20 m,133.72,1356.813572,7.461924203,EW,2,2,0,0,0.119104117,1.771824002,0.117341898,1.415030479,14.87626158,12.05903858
1210,T4E,2019,20 m,133.72,1356.813572,7.461924203,EW,3,3,0,0,0.193038657,3.050363064,0.163916245,2.88120842,15.80182491,17.57732077
1210,T4E,2019,20 m,133.72,1356.813572,7.461924203,EW,11,11,0,0,0.117809393,1.468010187,0.134064332,2.177118301,12.4608926,16.2393552
1210,T4E,2019,20 m,133.72,1356.813572,7.461924203,EW,8,8,0,0,0.200594395,4.689647675,0.117157623,1.312047482,23.37875724,11.19899368
1210,T4E,2019,20 m,133.72,1356.813572,7.461924203,EW,11,11,0,0,0.18475759,3.841346979,0.218001217,3.69661212,20.79128101,16.95684169
1212,CONTROL1,2019,Control,265.39,1362.128685,7.995237938,NS,10,10,0,0,0.179379001,3.954066038,0.127842173,1.6896106,22.04308202,13.21637892
1212,CONTROL1,2019,Control,265.39,1362.128685,7.995237938,NS,8,8,0,0,0.171493068,3.008984566,0.128979787,1.708856821,17.54580867,13.24902807
1212,CONTROL1,2019,Control,265.39,1362.128685,7.995237938,NS,8,8,0,0,0.17201677,3.359699011,0.11,1.38,19.53122953,12.54545455
1212,CONTROL1,2019,Control,265.39,1362.128685,7.995237938,NS,6,6,0,0,0.145351097,3.031806946,0.143430665,2.898947477,20.85850749,20.21149016
1212,CONTROL1,2019,Control,265.39,1362.128685,7.995237938,NS,6,6,0,0,0.11978624,1.343413591,0.110234745,1.295228004,11.21509106,11.74972561
1212,CONTROL2,2019,Control,286.32,1362.624858,8.802438721,NS,13,13,0,0,0.152505577,3.351245642,0.130261034,2.410888672,21.97457769,18.50813403
1212,CONTROL2,2019,Control,286.32,1362.624858,8.802438721,NS,10,10,0,0,0.192193463,3.418570518,0.158706054,2.468582392,17.78713208,15.55443115
1212,CONTROL2,2019,Control,286.32,1362.624858,8.802438721,NS,8,8,0,0,0.136776149,2.070561171,0.16494976,3.568134546,15.1383204,21.63164439
1212,CONTROL2,2019,Control,286.32,1362.624858,8.802438721,NS,9,9,0,0,0.199160233,5.175128937,0.108769827,2.09052062,25.98475034,19.21967411
1212,CONTROL2,2019,Control,286.32,1362.624858,8.802438721,NS,9,9,0,0,0.170893133,3.125108719,0.134331197,2.111629486,18.28691809,15.71957624
1212,T2F,2019,10 m,142.12,1357.430108,10.32113636,NS,4,4,0,0,0.166375995,2.854362488,0.099586837,1.451616049,17.15609571,14.57638472
1212,T2F,2019,10 m,142.12,1357.430108,10.32113636,NS,9,9,0,0,0.242721528,5.316212654,0.14989984,2.970137119,21.90251809,19.81414465
1212,T2F,2019,10 m,142.12,1357.430108,10.32113636,NS,5,5,0,0,0.32204023,8.763796806,0.201057583,4.084213257,27.21336029,20.31364942
1212,T2F,2019,10 m,142.12,1357.430108,10.32113636,NS,9,9,0,0,0.157179013,2.886731863,0.111937687,1.359321833,18.36588619,12.14355836
1212,T2F,2019,10 m,142.12,1357.430108,10.32113636,NS,11,11,0,0,0.130183473,1.581087589,0.114196226,1.306847453,12.14507149,11.44387603
1212,T2G,2019,10 m,148.16,1361.672168,9.054935668,NS,5,5,0,0,0.257855445,8.739329338,0.093106531,1.044922829,33.89235908,11.22287365
1212,T2G,2019,10 m,148.16,1361.672168,9.054935668,NS,5,5,0,0,0.120205216,1.955015659,0.115372017,1.293830872,16.26398357,11.21442534
1212,T2G,2019,10 m,148.16,1361.672168,9.054935668,NS,5,5,0,0,0.196718976,4.532011986,0.129570827,1.70120573,23.03800111,13.1295429
1212,T2G,2019,10 m,148.16,1361.672168,9.054935668,NS,9,9,0,0,0.164213091,3.37869525,0.14143452,1.984214306,20.57506637,14.029208
1212,T2G,2019,10 m,148.16,1361.672168,9.054935668,NS,13,13,0,0,0.137254387,2.477965832,0.0973709,1.566809177,18.05381878,16.09114401
1212,T3D,2019,15 m,94.65,1358.384051,6.052570695,NS,7,7,0,0,0.141278878,2.566214561,0.087416336,0.779157579,18.16417713,8.913180478
1212,T3D,2019,15 m,94.65,1358.384051,6.052570695,NS,12,11,1,0.083333333,0.140790626,1.790908098,0.107154876,1.009009361,12.72036459,9.416364416
1212,T3D,2019,15 m,94.65,1358.384051,6.052570695,NS,11,11,0,0,0.137008026,2.574283838,0.107810736,1.413223982,18.7892922,13.10837898
1212,T3D,2019,15 m,94.65,1358.384051,6.052570695,NS,10,10,0,0,0.102107316,1.764904618,0.113853663,1.546031952,17.28480077,13.5791147
1212,T3D,2019,15 m,94.65,1358.384051,6.052570695,NS,7,7,0,0,0.103887461,1.46562016,0.097230151,1.36971736,14.10776762,14.0873725
1212,T3E,2019,15 m,89.41,1357.948671,6.612867464,NS,4,4,0,0,0.113634013,1.407913685,0.10550718,1.409451723,12.38989676,13.3588228
1212,T3E,2019,15 m,89.41,1357.948671,6.612867464,NS,4,4,0,0,0.107144214,1.511236787,0.157034203,3.056095123,14.10469803,19.46133426
1212,T3E,2019,15 m,89.41,1357.948671,6.612867464,NS,8,8,0,0,0.198347524,4.149561882,0.177343458,3.113184929,20.92066391,17.55455186
1212,T3E,2019,15 m,89.41,1357.948671,6.612867464,NS,13,13,0,0,0.258780897,6.728680611,0.131332278,2.656564951,26.00145798,20.22781441
1212,T3E,2019,15 m,89.41,1357.948671,6.612867464,NS,5,5,0,0,0.120801859,1.957042336,0.148401052,2.569858789,16.20043234,17.31698501
1212,T4A,2019,20 m,120.82,1363.023641,7.560200535,NS,11,11,0,0,0.142058879,2.445775032,0.118615046,1.595795035,17.2166291,13.45356333
1212,T4A,2019,20 m,120.82,1363.023641,7.560200535,NS,13,13,0,0,0.160321951,2.952144146,0.10799928,1.28062439,18.41384869,11.85771228
1212,T4A,2019,20 m,120.82,1363.023641,7.560200535,NS,5,5,0,0,0.125630945,2.584975958,0.115128905,1.254241347,20.57594933,10.89423505
1212,T4A,2019,20 m,120.82,1363.023641,7.560200535,NS,6,6,0,0,0.208132014,4.366718292,0.126967221,1.653472662,20.980522,13.02283095
1212,T4A,2019,20 m,120.82,1363.023641,7.560200535,NS,8,8,0,0,0.154692024,4.970530033,0.091182694,1.000735998,32.13177968,10.97506507
1212,T4B,2019,20 m,102.64,1362.069111,7.011158222,NS,8,8,0,0,0.134856567,2.026812553,0.119283751,1.753370285,15.02939458,14.69915454
1212,T4B,2019,20 m,102.64,1362.069111,7.011158222,NS,7,7,0,0,0.13495782,2.585324049,0.101865903,1.440510631,19.15653384,14.14124447
1212,T4B,2019,20 m,102.64,1362.069111,7.011158222,NS,8,8,0,0,0.139100358,2.277674198,0.099882767,1.201853395,16.37432306,12.03264022
1212,T4B,2019,20 m,102.64,1362.069111,7.011158222,NS,11,10,1,0.090909091,0.129960835,2.059331179,0.13177067,1.605695009,15.84578292,12.1855266
1212,T4B,2019,20 m,102.64,1362.069111,7.011158222,NS,15,14,1,0.066666667,0.143167436,2.30923295,0.103956506,1.361395597,16.12959632,13.09581915
1209,CONTROL1,2020,Control,129.74,1336.140632,8.300482223,EW,8,8,0,0,0.134698868,2.327815294,0.168874592,1.656744361,17.2816248,9.810501067
1209,CONTROL1,2020,Control,129.74,1336.140632,8.300482223,EW,7,6,1,0.142857143,0.119495824,1.688769221,0.166728079,1.389085174,14.13245388,8.331441106
1209,CONTROL1,2020,Control,129.74,1336.140632,8.300482223,EW,11,10,1,0.090909091,0.270140797,5.04005003,0.08676444,1.551833034,18.65712283,17.88558809
1209,CONTROL1,2020,Control,129.74,1336.140632,8.300482223,EW,13,10,3,0.230769231,0.172109142,3.183234215,0.102606237,0.819937468,18.49543946,7.991107481
1209,CONTROL1,2020,Control,129.74,1336.140632,8.300482223,EW,7,7,0,0,0.123946518,1.70751965,0.156358063,1.14647615,13.77626158,7.332376252
1209,CONTROL2,2020,Control,191.91,1336.643331,8.597756849,EW,8,8,0,0,0.154127598,2.797334909,0.081480056,1.191454649,18.14947452,14.62265377
1209,CONTROL2,2020,Control,191.91,1336.643331,8.597756849,EW,11,11,0,0,0.115847543,1.566449046,0.161175713,1.676532984,13.52164239,10.40189588
1209,CONTROL2,2020,Control,191.91,1336.643331,8.597756849,EW,6,5,1,0.166666667,0.243593216,3.745775461,0.104536794,1.617594004,15.3771748,15.47392014
1209,CONTROL2,2020,Control,191.91,1336.643331,8.597756849,EW,7,6,1,0.142857143,0.212778598,4.313893318,0.102326907,1.372599125,20.27409409,13.4138631
1209,CONTROL2,2020,Control,191.91,1336.643331,8.597756849,EW,7,7,0,0,0.209155098,2.657533169,0.098774359,1.252064347,12.70604063,12.67600584
1209,T2C,2020,10 m,182.67,1338.101715,8.084564554,EW,10,8,2,0.2,0.247803256,3.714173555,0.15818803,2.518993139,14.98839691,15.92404392
1209,T2C,2020,10 m,182.67,1338.101715,8.084564554,EW,10,9,1,0.1,0.332392693,7.163144588,0.220098644,2.947203636,21.55024689,13.39037613
1209,T2C,2020,10 m,182.67,1338.101715,8.084564554,EW,3,3,0,0,0.317189127,6.562332153,0.222230777,2.996194601,20.68901986,13.48235667
1209,T2C,2020,10 m,182.67,1338.101715,8.084564554,EW,5,5,0,0,0.166606858,2.967707872,0.094911873,1.334258437,17.8126393,14.05786642
1209,T2C,2020,10 m,182.67,1338.101715,8.084564554,EW,4,3,1,0.25,0.07544899,2.371222019,0.161455572,1.6442132,31.42814799,10.1836882
1209,T2D,2020,10 m,187.15,1335.809905,7.723758992,EW,8,6,2,0.25,0.165626794,3.663734674,0.148470357,3.506122112,22.12042257,23.61496383
1209,T2D,2020,10 m,187.15,1335.809905,7.723758992,EW,11,10,1,0.090909091,0.206015572,3.683805943,0.254429728,3.986925602,17.88120144,15.67004625
1209,T2D,2020,10 m,187.15,1335.809905,7.723758992,EW,8,8,0,0,0.31090799,5.640583038,0.228678182,3.023072004,18.1422904,13.21976579
1209,T2D,2020,10 m,187.15,1335.809905,7.723758992,EW,8,7,1,0.125,0.28213349,5.285687923,0.249811694,3.284673452,18.73470578,13.14859765
1209,T2D,2020,10 m,187.15,1335.809905,7.723758992,EW,9,8,1,0.111111111,0.340218872,6.386186123,0.239441887,3.187034607,18.77081682,13.31026352
1209,T3B,2020,15 m,203.03,1347.955489,6.858934421,EW,11,10,1,0.090909091,0.160553262,2.392190933,0.100190274,1.590275645,14.89967198,15.87255504
1209,T3B,2020,15 m,203.03,1347.955489,6.858934421,EW,7,7,0,0,0.257842004,4.843438625,0.162264854,2.426477194,18.78452131,14.95380631
1209,T3B,2020,15 m,203.03,1347.955489,6.858934421,EW,7,7,0,0,0.182885647,4.268667221,0.186228424,2.803913355,23.3406355,15.05631251
1209,T3B,2020,15 m,203.03,1347.955489,6.858934421,EW,10,7,3,0.3,0.208872855,4.725145817,0.172022685,2.953690767,22.62211537,17.17035611
1209,T3B,2020,15 m,203.03,1347.955489,6.858934421,EW,11,9,2,0.181818182,0.143675432,2.743493319,0.11149621,1.301197886,19.09507623,11.67033288
1209,T3C,2020,15 m,186.71,1346.879923,7.051197172,EW,11,9,2,0.181818182,0.1337623,2.600979567,0.117153466,2.040336132,19.444788,17.41592636
1209,T3C,2020,15 m,186.71,1346.879923,7.051197172,EW,7,5,2,0.285714286,0.20844391,5.001009464,0.140222982,2.986011505,23.9921112,21.29473694
1209,T3C,2020,15 m,186.71,1346.879923,7.051197172,EW,7,6,1,0.142857143,0.150401846,2.634747267,0.074182115,1.60173583,17.51805144,21.59194059
1209,T3C,2020,15 m,186.71,1346.879923,7.051197172,EW,12,11,1,0.083333333,0.192538992,3.462952614,0.099240206,1.916888475,17.98572115,19.31564382
1209,T3C,2020,15 m,186.71,1346.879923,7.051197172,EW,17,15,2,0.117647059,0.133949399,2.070775032,0.09374439,1.502254128,15.45938278,16.02500302
1209,T4B,2020,20 m,107.2,1355.012793,7.349142475,EW,11,8,3,0.272727273,0.245899588,3.438842535,0.111736014,1.394800425,13.98474298,12.48299781
1209,T4B,2020,20 m,107.2,1355.012793,7.349142475,EW,10,8,2,0.2,0.320286274,5.20502758,0.064497471,1.637658358,16.25117279,25.39104768
1209,T4B,2020,20 m,107.2,1355.012793,7.349142475,EW,13,9,4,0.307692308,0.225041956,5.713702679,0.196951762,3.477496147,25.38949975,17.65658816
1209,T4B,2020,20 m,107.2,1355.012793,7.349142475,EW,7,3,4,0.571428571,0.211478129,4.332365513,0.182611227,2.604998112,20.48611614,14.2652681
1209,T4B,2020,20 m,107.2,1355.012793,7.349142475,EW,11,8,3,0.272727273,0.210571781,4.485098362,0.121767156,2.069044828,21.29961738,16.99181372
1209,T4C,2020,20 m,201.75,1351.628466,6.671883531,EW,9,8,1,0.111111111,0.180498794,1.936451554,0.061465122,1.131317139,10.72833516,18.40583904
1209,T4C,2020,20 m,201.75,1351.628466,6.671883531,EW,10,9,1,0.1,0.284832507,5.069829941,0.067037374,0.877035916,17.79933754,13.08279049
1209,T4C,2020,20 m,201.75,1351.628466,6.671883531,EW,8,6,2,0.25,0.17121844,3.570991993,0.166458562,1.501507998,20.85635165,9.020310997
1209,T4C,2020,20 m,201.75,1351.628466,6.671883531,EW,15,13,2,0.133333333,0.322229564,5.169296265,0.192437455,2.109297752,16.04227805,10.96095223
1209,T4C,2020,20 m,201.75,1351.628466,6.671883531,EW,9,7,2,0.222222222,0.25130555,4.86934948,0.231833801,3.675301313,19.37621144,15.85317285
1210,CONTROL1,2020,Control,206.9,1373.758494,7.66753411,EW,7,6,1,0.142857143,0.316013277,6.537415504,0.273289949,3.914313793,20.68715459,14.32293362
1210,CONTROL1,2020,Control,206.9,1373.758494,7.66753411,EW,7,7,0,0,0.327183396,5.563344002,0.161701739,2.829677582,17.00374798,17.49936397
1210,CONTROL1,2020,Control,206.9,1373.758494,7.66753411,EW,4,4,0,0,0.353765726,5.898152351,0.258983403,3.984410048,16.67248101,15.38480843
1210,CONTROL1,2020,Control,206.9,1373.758494,7.66753411,EW,6,6,0,0,0.398399502,8.116809845,0.274290323,3.520873308,20.37354415,12.83630157
1210,CONTROL1,2020,Control,206.9,1373.758494,7.66753411,EW,3,3,0,0,0.252174944,3.979436636,0.236683726,3.216449499,15.7804601,13.5896521
1210,CONTROL2,2020,Control,211.18,1373.477016,7.734372697,EW,6,6,0,0,0.279265672,4.184736252,0.25579524,3.34142828,14.98478571,13.06290248
1210,CONTROL2,2020,Control,211.18,1373.477016,7.734372697,EW,7,7,0,0,0.269493431,4.208102703,0.233181,3.146358252,15.61486189,13.49320165
1210,CONTROL2,2020,Control,211.18,1373.477016,7.734372697,EW,9,9,0,0,0.351720035,7.550295353,0.235409111,3.490860701,21.46677641,14.82891078
1210,CONTROL2,2020,Control,211.18,1373.477016,7.734372697,EW,7,6,1,0.142857143,0.347796887,8.959371567,0.275042534,3.93049407,25.76035582,14.29049542
1210,CONTROL2,2020,Control,211.18,1373.477016,7.734372697,EW,9,9,0,0,0.175283119,4.578736305,0.216995388,2.658631563,26.12194676,12.25201874
1210,T2I,2020,10 m,139.16,1373.11445,5.160108295,EW,11,11,0,0,0.212929651,2.263955355,0.194561884,2.625092506,10.63241001,13.49232673
1210,T2I,2020,10 m,139.16,1373.11445,5.160108295,EW,9,7,2,0.222222222,0.255719244,3.869624853,0.185914636,2.658589125,15.13231771,14.3000529
1210,T2I,2020,10 m,139.16,1373.11445,5.160108295,EW,8,7,1,0.125,0.201708212,3.899949312,0.073181629,1.012541771,19.33460846,13.83601024
1210,T2I,2020,10 m,139.16,1373.11445,5.160108295,EW,9,9,0,0,0.187071472,2.681553841,0.09390565,1.231550097,14.33438143,13.11476036
1210,T2I,2020,10 m,139.16,1373.11445,5.160108295,EW,10,10,0,0,0.154631019,2.433866739,0.174925268,2.11690402,15.73983513,12.10176236
1210,T2J,2020,10 m,112.81,1373.717665,5.551423128,EW,10,9,1,0.1,0.227584854,4.182261944,0.224493757,3.345670938,18.37671477,14.90318031
1210,T2J,2020,10 m,112.81,1373.717665,5.551423128,EW,13,12,1,0.076923077,0.274398506,6.429394245,0.142876506,2.684258223,23.43086464,18.78726111
1210,T2J,2020,10 m,112.81,1373.717665,5.551423128,EW,8,8,0,0,0.23836191,3.977736235,0.278432518,4.617681026,16.68780148,16.5845608
1210,T2J,2020,10 m,112.81,1373.717665,5.551423128,EW,11,11,0,0,0.257935047,5.823825836,0.224484816,3.46381402,22.57865265,15.43005927
1210,T2J,2020,10 m,112.81,1373.717665,5.551423128,EW,8,8,0,0,0.215048194,4.124466896,0.210471764,5.666062832,19.17926778,26.92077416
1210,T3D,2020,15 m,182.56,1371.800378,5.488567719,EW,11,11,0,0,0.192466334,4.855369091,0.18580392,4.216262817,25.22710857,22.69200142
1210,T3D,2020,15 m,182.56,1371.800378,5.488567719,EW,8,6,2,0.25,0.271598518,4.192905426,0.173373997,3.650302887,15.43788036,21.05450036
1210,T3D,2020,15 m,182.56,1371.800378,5.488567719,EW,6,6,0,0,0.218617424,4.883515835,0.228920713,5.159031391,22.3381821,22.53632414
1210,T3D,2020,15 m,182.56,1371.800378,5.488567719,EW,10,10,0,0,0.215413138,5.280927658,0.164959878,3.080142736,24.51534619,18.67207214
1210,T3D,2020,15 m,182.56,1371.800378,5.488567719,EW,9,8,1,0.111111111,0.256355077,4.411218643,0.133842319,2.473489761,17.20745575,18.48062537
1210,T3E,2020,15 m,176.76,1370.255963,6.364795855,EW,7,7,0,0,0.292379022,6.445300579,0.152914256,3.449229002,22.04433322,22.55662157
1210,T3E,2020,15 m,176.76,1370.255963,6.364795855,EW,7,7,0,0,0.328211337,4.769030571,0.190589368,3.13887763,14.53036513,16.46932175
1210,T3E,2020,15 m,176.76,1370.255963,6.364795855,EW,12,12,0,0,0.241054162,5.361455441,0.271713108,4.524376392,22.24170447,16.65129971
1210,T3E,2020,15 m,176.76,1370.255963,6.364795855,EW,12,12,0,0,0.368738949,10.29624081,0.30660671,5.059769154,27.92284576,16.50247366
1210,T3E,2020,15 m,176.76,1370.255963,6.364795855,EW,15,14,1,0.066666667,0.237783149,5.145750999,0.162627086,3.399742126,21.64052004,20.90514077
1210,T4D,2020,20 m,97.75,1360.473283,8.672317171,EW,10,9,1,0.1,0.195821464,3.243761063,0.244640782,4.16190815,16.56489026,17.01232357
1210,T4D,2020,20 m,97.75,1360.473283,8.672317171,EW,3,3,0,0,0.15188168,3.058432817,0.176166624,2.047225952,20.13694357,11.62096377
1210,T4D,2020,20 m,97.75,1360.473283,8.672317171,EW,7,7,0,0,0.197554544,2.851018906,0.158156887,1.83818686,14.4315532,11.62255339
1210,T4D,2020,20 m,97.75,1360.473283,8.672317171,EW,9,9,0,0,0.141739041,2.905837536,0.215134665,2.517860651,20.50132076,11.70364918
1210,T4D,2020,20 m,97.75,1360.473283,8.672317171,EW,7,7,0,0,0.267733574,4.845952034,0.223263875,3.04430151,18.09990418,13.63544154
1210,T4E,2020,20 m,133.72,1356.813572,7.461924203,EW,7,6,1,0.142857143,0.14606294,2.744796038,0.196170837,2.499580622,18.79187172,12.74185635
1210,T4E,2020,20 m,133.72,1356.813572,7.461924203,EW,7,7,0,0,0.189328894,2.277902603,0.189640149,2.337360859,12.03145782,12.32524265
1210,T4E,2020,20 m,133.72,1356.813572,7.461924203,EW,11,11,0,0,0.110386685,1.871588111,0.126498163,2.302551746,16.9548358,18.20225445
1210,T4E,2020,20 m,133.72,1356.813572,7.461924203,EW,8,8,0,0,0.244256988,4.07618475,0.232211038,3.175938845,16.68809879,13.67695035
1210,T4E,2020,20 m,133.72,1356.813572,7.461924203,EW,3,3,0,0,0.366041154,7.66631794,0.136670753,3.684915304,20.94386891,26.96198867
1212,CONTROL1,2020,Control,265.39,1362.128685,7.995237938,NS,6,6,0,0,0.277228683,5.22830534,0.224916756,3.109712124,18.85917892,13.82605804
1212,CONTROL1,2020,Control,265.39,1362.128685,7.995237938,NS,7,6,1,0.142857143,0.24779892,3.50497961,0.243696555,3.002269983,14.14445073,12.31970627
1212,CONTROL1,2020,Control,265.39,1362.128685,7.995237938,NS,4,4,0,0,0.149406567,2.901142836,0.226650178,3.254858255,19.41777319,14.3607134
1212,CONTROL1,2020,Control,265.39,1362.128685,7.995237938,NS,7,7,0,0,0.239769429,3.895917416,0.116115063,2.428986073,16.24859947,20.91878522
1212,CONTROL1,2020,Control,265.39,1362.128685,7.995237938,NS,5,5,0,0,0.123754174,2.007275105,0.061380874,1.132941246,16.21985786,18.45756122
1212,CONTROL2,2020,Control,286.32,1362.624858,8.802438721,NS,6,6,0,0,0.184740648,3.301000595,0.155314341,2.547700405,17.8682961,16.40351036
1212,CONTROL2,2020,Control,286.32,1362.624858,8.802438721,NS,10,10,0,0,0.145998582,3.294034719,0.144342765,3.151872635,22.56210073,21.83602781
1212,CONTROL2,2020,Control,286.32,1362.624858,8.802438721,NS,8,8,0,0,0.239749387,7.464169502,0.187810227,3.867792606,31.13321622,20.59415327
1212,CONTROL2,2020,Control,286.32,1362.624858,8.802438721,NS,2,1,1,0.5,0.161528423,3.821419477,0.188370824,2.776456833,23.65787641,14.73931459
1212,CONTROL2,2020,Control,286.32,1362.624858,8.802438721,NS,9,8,1,0.111111111,0.273915142,6.060154915,0.278023243,4.871996403,22.1242056,17.5237018
1212,T2F,2020,10 m,142.12,1357.430108,10.32113636,NS,11,9,2,0.181818182,0.384084821,6.880661964,0.225355983,4.865422726,17.91443346,21.58994257
1212,T2F,2020,10 m,142.12,1357.430108,10.32113636,NS,7,7,0,0,0.298178762,6.599232197,0.23807694,4.343132973,22.13179821,18.24256045
1212,T2F,2020,10 m,142.12,1357.430108,10.32113636,NS,5,5,0,0,0.266901106,7.37825489,0.168419257,3.073708057,27.64415259,18.25033619
1212,T2F,2020,10 m,142.12,1357.430108,10.32113636,NS,9,9,0,0,0.168538481,3.325178623,0.14549993,2.576157093,19.72949206,17.70555558
1212,T2F,2020,10 m,142.12,1357.430108,10.32113636,NS,8,8,0,0,0.296326399,7.612593651,0.238424912,4.158152103,25.68989358,17.44009075
1212,T2G,2020,10 m,148.16,1361.672168,9.054935668,NS,8,7,1,0.125,0.11513257,2.364429951,0.115395412,2.174744129,20.53658617,18.84601904
1212,T2G,2020,10 m,148.16,1361.672168,9.054935668,NS,7,7,0,0,0.149087295,3.554090977,0.136634558,2.68561697,23.83899298,19.6554737
1212,T2G,2020,10 m,148.16,1361.672168,9.054935668,NS,5,4,1,0.2,0.227729902,6.111872196,0.162656233,2.894901991,26.83825071,17.79767023
1212,T2G,2020,10 m,148.16,1361.672168,9.054935668,NS,7,7,0,0,0.193269685,4.838623524,0.250366628,4.503211021,25.03560517,17.9864667
1212,T2G,2020,10 m,148.16,1361.672168,9.054935668,NS,8,7,1,0.125,0.204030171,4.818910122,0.134972736,2.317820072,23.61861531,17.17250562
1212,T3D,2020,15 m,94.65,1358.384051,6.052570695,NS,7,6,1,0.142857143,0.191168889,2.482571125,0.211219758,2.552361012,12.98627163,12.08391222
1212,T3D,2020,15 m,94.65,1358.384051,6.052570695,NS,10,9,1,0.1,0.233725876,4.481701374,0.116724007,2.190649271,19.17503298,18.76776963
1212,T3D,2020,15 m,94.65,1358.384051,6.052570695,NS,14,13,1,0.071428571,0.23429285,4.388827801,0.217284441,4.400053978,18.73223106,20.25020272
1212,T3D,2020,15 m,94.65,1358.384051,6.052570695,NS,11,10,1,0.090909091,0.194344401,3.076686621,0.076997206,1.293541074,15.83110498,16.7998444
1212,T3D,2020,15 m,94.65,1358.384051,6.052570695,NS,7,7,0,0,0.160241202,3.162146091,0.207682565,3.041346788,19.73366439,14.64420853
1212,T3E,2020,15 m,89.41,1357.948671,6.612867464,NS,8,8,0,0,0.2403339,5.336949348,0.22632502,3.407232761,22.20639432,15.0546005
1212,T3E,2020,15 m,89.41,1357.948671,6.612867464,NS,8,6,2,0.25,0.191178083,3.918481588,0.193839073,2.834218025,20.49650001,14.62150009
1212,T3E,2020,15 m,89.41,1357.948671,6.612867464,NS,11,10,1,0.090909091,0.116532601,2.186981916,0.179117456,2.531377316,18.76712516,14.13249926
1212,T3E,2020,15 m,89.41,1357.948671,6.612867464,NS,4,4,0,0,0.122838952,2.302031755,0.089842305,1.59316206,18.74024261,17.73287169
1212,T3E,2020,15 m,89.41,1357.948671,6.612867464,NS,6,6,0,0,0.137565732,3.011133909,0.185598373,2.544437885,21.88869179,13.709376
1212,T4A,2020,20 m,120.82,1363.023641,7.560200535,NS,9,7,2,0.222222222,0.192301497,2.389756441,0.169900492,1.982067585,12.42713385,11.66604972
1212,T4A,2020,20 m,120.82,1363.023641,7.560200535,NS,8,7,1,0.125,0.100300923,2.048962831,0.124543868,2.419260263,20.4281553,19.42496489
1212,T4A,2020,20 m,120.82,1363.023641,7.560200535,NS,7,6,1,0.142857143,0.220681161,3.26913023,0.174429044,3.8083148,14.81381655,21.83303142
1212,T4A,2020,20 m,120.82,1363.023641,7.560200535,NS,9,8,1,0.111111111,0.1357788,2.389074326,0.125996947,2.076930046,17.59534133,16.48397117
1212,T4A,2020,20 m,120.82,1363.023641,7.560200535,NS,11,10,1,0.090909091,0.122034825,2.599674225,0.088926032,1.777086139,21.30272417,19.98386856
1212,T4B,2020,20 m,102.64,1362.069111,7.011158222,NS,14,12,2,0.142857143,0.218517274,2.801842213,0.067083471,1.442505121,12.82206283,21.50313796
1212,T4B,2020,20 m,102.64,1362.069111,7.011158222,NS,6,5,1,0.166666667,0.154576153,3.838797092,0.113842629,1.992929339,24.83434235,17.50600244
1212,T4B,2020,20 m,102.64,1362.069111,7.011158222,NS,7,7,0,0,0.296582907,5.41878891,0.144134387,2.508532047,18.27073905,17.40411912
1212,T4B,2020,20 m,102.64,1362.069111,7.011158222,NS,11,10,1,0.090909091,0.161663517,2.573376179,0.122729816,1.798865914,15.91810089,14.65712228
1212,T4B,2020,20 m,102.64,1362.069111,7.011158222,NS,8,7,1,0.125,0.145674616,2.841581821,0.118561916,1.508299828,19.50636218,12.72162156
